{"cameraMode":{"drawMode":2,"name":"Shaded Wireframe","section":"Shading Mode"},"sceneLighting":false,"audioPlay":false,"sceneViewState":{"showFog":true,"showMaterialUpdate":false,"showSkybox":false,"showFlares":true,"showImageEffects":true,"showParticleSystems":true},"in2DMode":false,"pivot":{"x":5.260628700256348,"y":0.5068674087524414,"z":-2.1027541160583498},"rotation":{"x":-0.015545628033578396,"y":-0.9841945171356201,"z":0.1120850145816803,"w":-0.13638776540756226},"size":4.529585838317871,"orthographic":false}