{"cameraMode":{"drawMode":0,"name":"Shaded","section":"Shading Mode"},"sceneLighting":false,"audioPlay":false,"sceneViewState":{"showFog":true,"showMaterialUpdate":false,"showSkybox":true,"showFlares":true,"showImageEffects":true,"showParticleSystems":true},"in2DMode":false,"pivot":{"x":17.203319549560548,"y":6.2404022216796879,"z":0.3645703196525574},"rotation":{"x":-0.04719877615571022,"y":-0.08738482743501663,"z":0.004175154492259026,"w":-0.9951300024986267},"size":11.547019004821778,"orthographic":false}