{"cameraMode":{"drawMode":2,"name":"Shaded Wireframe","section":"Shading Mode"},"sceneLighting":false,"audioPlay":false,"sceneViewState":{"showFog":true,"showMaterialUpdate":false,"showSkybox":true,"showFlares":true,"showImageEffects":true,"showParticleSystems":true},"in2DMode":false,"pivot":{"x":22.291210174560548,"y":1.82896089553833,"z":11.490924835205079},"rotation":{"x":0.20494969189167024,"y":-0.000021209132682997733,"z":-0.000043820200517075136,"w":0.9788466095924377},"size":4.190858364105225,"orthographic":false}