{"cameraMode":{"drawMode":0,"name":"Shaded","section":"Shading Mode"},"sceneLighting":false,"audioPlay":false,"sceneViewState":{"showFog":true,"showMaterialUpdate":false,"showSkybox":true,"showFlares":true,"showImageEffects":true,"showParticleSystems":true},"in2DMode":false,"pivot":{"x":11.190128326416016,"y":-2.3778200149536135,"z":5.2600812911987309},"rotation":{"x":0.11955457925796509,"y":-0.6277874708175659,"z":0.09831037372350693,"w":0.7629411220550537},"size":22.0,"orthographic":false}