{"cameraMode":{"drawMode":0,"name":"Shaded","section":"Shading Mode"},"sceneLighting":false,"audioPlay":false,"sceneViewState":{"showFog":true,"showMaterialUpdate":false,"showSkybox":true,"showFlares":true,"showImageEffects":true,"showParticleSystems":true},"in2DMode":false,"pivot":{"x":0.9349821209907532,"y":1.2532691955566407,"z":-7.379964828491211},"rotation":{"x":-0.04276777431368828,"y":0.9318283200263977,"z":-0.11690883338451386,"w":-0.34088242053985598},"size":4.526568412780762,"orthographic":false}