{"cameraMode":{"drawMode":0,"name":"Shaded","section":"Shading Mode"},"sceneLighting":false,"audioPlay":false,"sceneViewState":{"showFog":true,"showMaterialUpdate":false,"showSkybox":true,"showFlares":true,"showImageEffects":true,"showParticleSystems":true},"in2DMode":false,"pivot":{"x":16.239627838134767,"y":-2.7537946701049806,"z":15.125568389892579},"rotation":{"x":0.14946424961090089,"y":-0.40231239795684817,"z":0.06669631600379944,"w":0.90083909034729},"size":22.0,"orthographic":false}