{"cameraMode":{"drawMode":2,"name":"Shaded Wireframe","section":"Shading Mode"},"sceneLighting":false,"audioPlay":false,"sceneViewState":{"showFog":true,"showMaterialUpdate":false,"showSkybox":true,"showFlares":true,"showImageEffects":true,"showParticleSystems":true},"in2DMode":false,"pivot":{"x":21.98050880432129,"y":3.6543080806732179,"z":10.110875129699707},"rotation":{"x":0.11614245176315308,"y":-0.0029966479633003475,"z":0.00030481506837531924,"w":0.9933000206947327},"size":4.490858554840088,"orthographic":false}