{"cameraMode":{"drawMode":2,"name":"Shaded Wireframe","section":"Shading Mode"},"sceneLighting":false,"audioPlay":false,"sceneViewState":{"showFog":true,"showMaterialUpdate":false,"showSkybox":true,"showFlares":true,"showImageEffects":true,"showParticleSystems":true},"in2DMode":false,"pivot":{"x":9.041093826293946,"y":4.0882110595703129,"z":-2.393791913986206},"rotation":{"x":0.17098990082740785,"y":-0.5861361026763916,"z":0.1282416731119156,"w":0.7815162539482117},"size":3.1934099197387697,"orthographic":false}