{"cameraMode":{"drawMode":2,"name":"Shaded Wireframe","section":"Shading Mode"},"sceneLighting":false,"audioPlay":false,"sceneViewState":{"showFog":true,"showMaterialUpdate":false,"showSkybox":true,"showFlares":true,"showImageEffects":true,"showParticleSystems":true},"in2DMode":false,"pivot":{"x":19.23358154296875,"y":15.406377792358399,"z":-9.113343238830567},"rotation":{"x":0.30354413390159609,"y":-0.002865868853405118,"z":0.0008992683724500239,"w":0.9528576135635376},"size":2.119405508041382,"orthographic":false}