{"cameraMode":{"drawMode":2,"name":"Shaded Wireframe","section":"Shading Mode"},"sceneLighting":false,"audioPlay":false,"sceneViewState":{"showFog":true,"showMaterialUpdate":false,"showSkybox":true,"showFlares":true,"showImageEffects":true,"showParticleSystems":true},"in2DMode":false,"pivot":{"x":23.38850975036621,"y":3.621326208114624,"z":11.765496253967286},"rotation":{"x":0.04607909917831421,"y":-0.7081810832023621,"z":0.046346515417099,"w":0.7030849456787109},"size":4.490858554840088,"orthographic":false}