{"cameraMode":{"drawMode":2,"name":"Shaded Wireframe","section":"Shading Mode"},"sceneLighting":false,"audioPlay":false,"sceneViewState":{"showFog":true,"showMaterialUpdate":false,"showSkybox":true,"showFlares":true,"showImageEffects":true,"showParticleSystems":true},"in2DMode":false,"pivot":{"x":21.53229522705078,"y":0.7809277772903442,"z":2.0075535774230959},"rotation":{"x":0.27046000957489016,"y":-0.01587858237326145,"z":0.004491427447646856,"w":0.9626337885856628},"size":3.6194052696228029,"orthographic":false}