{"cameraMode":{"drawMode":2,"name":"Shaded Wireframe","section":"Shading Mode"},"sceneLighting":false,"audioPlay":false,"sceneViewState":{"showFog":true,"showMaterialUpdate":false,"showSkybox":true,"showFlares":true,"showImageEffects":true,"showParticleSystems":true},"in2DMode":false,"pivot":{"x":17.469507217407228,"y":-8.166872024536133,"z":9.702462196350098},"rotation":{"x":-0.4228881299495697,"y":0.25568145513534548,"z":-0.12569959461688996,"w":-0.8602481484413147},"size":15.904374122619629,"orthographic":false}