{"cameraMode":{"drawMode":2,"name":"Shaded Wireframe","section":"Shading Mode"},"sceneLighting":false,"audioPlay":false,"sceneViewState":{"showFog":true,"showMaterialUpdate":false,"showSkybox":true,"showFlares":true,"showImageEffects":true,"showParticleSystems":true},"in2DMode":false,"pivot":{"x":12.669419288635254,"y":6.451052188873291,"z":24.233257293701173},"rotation":{"x":0.08185408264398575,"y":0.9182146191596985,"z":-0.27289479970932009,"w":0.27529579401016238},"size":3.6194052696228029,"orthographic":false}