{"cameraMode":{"drawMode":2,"name":"Shaded Wireframe","section":"Shading Mode"},"sceneLighting":false,"audioPlay":false,"sceneViewState":{"showFog":true,"showMaterialUpdate":false,"showSkybox":true,"showFlares":true,"showImageEffects":true,"showParticleSystems":true},"in2DMode":false,"pivot":{"x":13.90822696685791,"y":5.158692359924316,"z":6.480059623718262},"rotation":{"x":0.2629282474517822,"y":-0.04919051378965378,"z":0.01340249739587307,"w":0.9635120630264282},"size":2.119405508041382,"orthographic":false}