{"cameraMode":{"drawMode":2,"name":"Shaded Wireframe","section":"Shading Mode"},"sceneLighting":false,"audioPlay":false,"sceneViewState":{"showFog":true,"showMaterialUpdate":false,"showSkybox":true,"showFlares":true,"showImageEffects":true,"showParticleSystems":true},"in2DMode":false,"pivot":{"x":435.37530517578127,"y":21.256927490234376,"z":1878.973388671875},"rotation":{"x":0.05786867067217827,"y":-0.0045073507353663448,"z":0.00021243446099106222,"w":0.9983869194984436},"size":2353.959716796875,"orthographic":false}