{"cameraMode":{"drawMode":2,"name":"Shaded Wireframe","section":"Shading Mode"},"sceneLighting":false,"audioPlay":false,"sceneViewState":{"showFog":true,"showMaterialUpdate":false,"showSkybox":true,"showFlares":true,"showImageEffects":true,"showParticleSystems":true},"in2DMode":false,"pivot":{"x":15.286035537719727,"y":11.19946575164795,"z":-15.526490211486817},"rotation":{"x":0.32790762186050417,"y":-0.08203970640897751,"z":0.028635716065764428,"w":0.9407378435134888},"size":0.5805944204330444,"orthographic":false}