{"cameraMode":{"drawMode":0,"name":"Shaded","section":"Shading Mode"},"sceneLighting":false,"audioPlay":false,"sceneViewState":{"showFog":true,"showMaterialUpdate":false,"showSkybox":false,"showFlares":true,"showImageEffects":true,"showParticleSystems":true},"in2DMode":false,"pivot":{"x":21.829999923706056,"y":0.10067892074584961,"z":4.882328033447266},"rotation":{"x":0.13702936470508576,"y":-0.5900349020957947,"z":0.1024027019739151,"w":0.7891452312469482},"size":22.0,"orthographic":false}