{"cameraMode":{"drawMode":2,"name":"Shaded Wireframe","section":"Shading Mode"},"sceneLighting":false,"audioPlay":false,"sceneViewState":{"showFog":true,"showMaterialUpdate":false,"showSkybox":false,"showFlares":true,"showImageEffects":true,"showParticleSystems":true},"in2DMode":false,"pivot":{"x":26.227741241455079,"y":4.661534786224365,"z":6.31002140045166},"rotation":{"x":0.33837220072746279,"y":-0.40792858600616457,"z":0.1659553349018097,"w":0.8316745758056641},"size":3.56744384765625,"orthographic":false}