{"cameraMode":{"drawMode":0,"name":"Shaded","section":"Shading Mode"},"sceneLighting":false,"audioPlay":false,"sceneViewState":{"showFog":true,"showMaterialUpdate":false,"showSkybox":true,"showFlares":true,"showImageEffects":true,"showParticleSystems":true},"in2DMode":false,"pivot":{"x":23.617326736450197,"y":-0.47390085458755495,"z":22.344043731689454},"rotation":{"x":-0.1355401873588562,"y":-0.36568015813827517,"z":0.05396039038896561,"w":-0.919325053691864},"size":11.547019004821778,"orthographic":false}