{"cameraMode":{"drawMode":0,"name":"Shaded","section":"Shading Mode"},"sceneLighting":false,"audioPlay":false,"sceneViewState":{"showFog":true,"showMaterialUpdate":false,"showSkybox":true,"showFlares":true,"showImageEffects":true,"showParticleSystems":true},"in2DMode":false,"pivot":{"x":530.4009399414063,"y":349.76971435546877,"z":-114.77479553222656},"rotation":{"x":0.13548347353935243,"y":0.008899284526705742,"z":-0.001265790080651641,"w":0.9908137917518616},"size":601.736572265625,"orthographic":false}