{"cameraMode":{"drawMode":2,"name":"Shaded Wireframe","section":"Shading Mode"},"sceneLighting":false,"audioPlay":false,"sceneViewState":{"showFog":true,"showMaterialUpdate":false,"showSkybox":true,"showFlares":true,"showImageEffects":true,"showParticleSystems":true},"in2DMode":false,"pivot":{"x":29.35508155822754,"y":4.228545188903809,"z":9.345687866210938},"rotation":{"x":0.09846343845129013,"y":-0.7108854055404663,"z":0.10152578353881836,"w":0.6890265345573425},"size":6.235306262969971,"orthographic":false}