{"cameraMode":{"drawMode":2,"name":"Shaded Wireframe","section":"Shading Mode"},"sceneLighting":false,"audioPlay":false,"sceneViewState":{"showFog":true,"showMaterialUpdate":false,"showSkybox":true,"showFlares":true,"showImageEffects":true,"showParticleSystems":true},"in2DMode":false,"pivot":{"x":4.7021260261535648,"y":8.503039360046387,"z":-3.6820766925811769},"rotation":{"x":0.3305414021015167,"y":-0.01273087877780199,"z":0.004494508262723684,"w":0.9437299966812134},"size":3.6194052696228029,"orthographic":false}