{"cameraMode":{"drawMode":0,"name":"Shaded","section":"Shading Mode"},"sceneLighting":false,"audioPlay":false,"sceneViewState":{"showFog":true,"showMaterialUpdate":false,"showSkybox":true,"showFlares":true,"showImageEffects":true,"showParticleSystems":true},"in2DMode":false,"pivot":{"x":27.700759887695314,"y":3.183015823364258,"z":17.030120849609376},"rotation":{"x":0.25474995374679568,"y":-0.19989031553268434,"z":0.05386221408843994,"w":0.9446672797203064},"size":22.863069534301759,"orthographic":false}