{"cameraMode":{"drawMode":2,"name":"Shaded Wireframe","section":"Shading Mode"},"sceneLighting":false,"audioPlay":false,"sceneViewState":{"showFog":true,"showMaterialUpdate":false,"showSkybox":true,"showFlares":true,"showImageEffects":true,"showParticleSystems":true},"in2DMode":false,"pivot":{"x":18.993488311767579,"y":9.548598289489746,"z":-4.772550106048584},"rotation":{"x":0.26325666904449465,"y":0.010108829475939274,"z":-0.0028242352418601515,"w":0.9647243022918701},"size":2.95094895362854,"orthographic":false}