{"cameraMode":{"drawMode":2,"name":"Shaded Wireframe","section":"Shading Mode"},"sceneLighting":false,"audioPlay":false,"sceneViewState":{"showFog":true,"showMaterialUpdate":false,"showSkybox":true,"showFlares":true,"showImageEffects":true,"showParticleSystems":true},"in2DMode":false,"pivot":{"x":22.09904670715332,"y":2.2766189575195314,"z":11.652655601501465},"rotation":{"x":0.14881102740764619,"y":-0.023750796914100648,"z":0.003527035005390644,"w":0.9886474609375},"size":4.190858364105225,"orthographic":false}