{"cameraMode":{"drawMode":0,"name":"Shaded","section":"Shading Mode"},"sceneLighting":false,"audioPlay":false,"sceneViewState":{"showFog":true,"showMaterialUpdate":false,"showSkybox":true,"showFlares":true,"showImageEffects":true,"showParticleSystems":true},"in2DMode":false,"pivot":{"x":17.934490203857423,"y":4.734560966491699,"z":15.141499519348145},"rotation":{"x":-0.011656709015369416,"y":-0.4260193407535553,"z":0.0055199842900037769,"w":-0.9047127366065979},"size":11.547019004821778,"orthographic":false}