{"cameraMode":{"drawMode":0,"name":"Shaded","section":"Shading Mode"},"sceneLighting":false,"audioPlay":false,"sceneViewState":{"showFog":true,"showMaterialUpdate":false,"showSkybox":true,"showFlares":true,"showImageEffects":true,"showParticleSystems":true},"in2DMode":false,"pivot":{"x":381.07452392578127,"y":367.2317810058594,"z":-126.850341796875},"rotation":{"x":0.11975014954805374,"y":-0.11886471509933472,"z":0.014392188750207425,"w":0.985633134841919},"size":601.736572265625,"orthographic":false}