{"cameraMode":{"drawMode":2,"name":"Shaded Wireframe","section":"Shading Mode"},"sceneLighting":false,"audioPlay":false,"sceneViewState":{"showFog":true,"showMaterialUpdate":false,"showSkybox":false,"showFlares":true,"showImageEffects":true,"showParticleSystems":true},"in2DMode":false,"pivot":{"x":22.028446197509767,"y":0.9174484014511108,"z":8.419578552246094},"rotation":{"x":0.13377061486244203,"y":-0.6764532923698425,"z":0.1268460899591446,"w":0.7131259441375732},"size":3.56744384765625,"orthographic":false}