{"cameraMode":{"drawMode":2,"name":"Shaded Wireframe","section":"Shading Mode"},"sceneLighting":false,"audioPlay":false,"sceneViewState":{"showFog":true,"showMaterialUpdate":false,"showSkybox":true,"showFlares":true,"showImageEffects":true,"showParticleSystems":true},"in2DMode":false,"pivot":{"x":22.251985549926759,"y":1.291075587272644,"z":11.927483558654786},"rotation":{"x":0.06313522160053253,"y":-0.7047525644302368,"z":0.06313099712133408,"w":0.7038906216621399},"size":4.845234394073486,"orthographic":false}