{"cameraMode":{"drawMode":2,"name":"Shaded Wireframe","section":"Shading Mode"},"sceneLighting":false,"audioPlay":false,"sceneViewState":{"showFog":true,"showMaterialUpdate":false,"showSkybox":true,"showFlares":true,"showImageEffects":true,"showParticleSystems":true},"in2DMode":false,"pivot":{"x":20.445512771606447,"y":5.043239593505859,"z":4.777650833129883},"rotation":{"x":-0.2004564106464386,"y":-0.02703101374208927,"z":0.005526261869817972,"w":-0.9793313145637512},"size":15.904374122619629,"orthographic":false}