{"cameraMode":{"drawMode":2,"name":"Shaded Wireframe","section":"Shading Mode"},"sceneLighting":false,"audioPlay":false,"sceneViewState":{"showFog":true,"showMaterialUpdate":false,"showSkybox":true,"showFlares":true,"showImageEffects":true,"showParticleSystems":true},"in2DMode":false,"pivot":{"x":22.706279754638673,"y":2.7800612449645998,"z":11.89203929901123},"rotation":{"x":0.045646775513887408,"y":-0.8512100577354431,"z":0.07498924434185028,"w":0.5175426006317139},"size":6.235306262969971,"orthographic":false}