{"cameraMode":{"drawMode":0,"name":"Shaded","section":"Shading Mode"},"sceneLighting":true,"audioPlay":false,"sceneViewState":{"showFog":true,"showMaterialUpdate":false,"showSkybox":true,"showFlares":true,"showImageEffects":true,"showParticleSystems":true},"in2DMode":false,"pivot":{"x":4.203765392303467,"y":9.035945892333985,"z":-18.979984283447267},"rotation":{"x":-0.30001047253608706,"y":0.024891816079616548,"z":-0.007831512950360775,"w":-0.9535828828811646},"size":4.526568412780762,"orthographic":false}