{"cameraMode":{"drawMode":2,"name":"Shaded Wireframe","section":"Shading Mode"},"sceneLighting":false,"audioPlay":false,"sceneViewState":{"showFog":true,"showMaterialUpdate":false,"showSkybox":true,"showFlares":true,"showImageEffects":true,"showParticleSystems":true},"in2DMode":false,"pivot":{"x":21.922090530395509,"y":4.543508052825928,"z":8.450214385986329},"rotation":{"x":0.32199421525001528,"y":-0.021324073895812036,"z":0.007212643511593342,"w":0.9465453028678894},"size":4.490858554840088,"orthographic":false}