{"cameraMode":{"drawMode":0,"name":"Shaded","section":"Shading Mode"},"sceneLighting":false,"audioPlay":false,"sceneViewState":{"showFog":true,"showMaterialUpdate":false,"showSkybox":true,"showFlares":true,"showImageEffects":true,"showParticleSystems":true},"in2DMode":false,"pivot":{"x":76.08271789550781,"y":192.282958984375,"z":110.97722625732422},"rotation":{"x":0.4019554853439331,"y":-0.5163154006004334,"z":0.2986021935939789,"w":0.6948708891868591},"size":5.072388648986816,"orthographic":false}