{"cameraMode":{"drawMode":2,"name":"Shaded Wireframe","section":"Shading Mode"},"sceneLighting":false,"audioPlay":false,"sceneViewState":{"showFog":true,"showMaterialUpdate":false,"showSkybox":true,"showFlares":true,"showImageEffects":true,"showParticleSystems":true},"in2DMode":false,"pivot":{"x":-4.397143363952637,"y":0.02616414614021778,"z":-5.990657806396484},"rotation":{"x":-0.02335856854915619,"y":0.9764633774757385,"z":-0.1613992303609848,"w":-0.14128780364990235},"size":14.215736389160157,"orthographic":false}