{"cameraMode":{"drawMode":2,"name":"Shaded Wireframe","section":"Shading Mode"},"sceneLighting":false,"audioPlay":false,"sceneViewState":{"showFog":true,"showMaterialUpdate":false,"showSkybox":true,"showFlares":true,"showImageEffects":true,"showParticleSystems":true},"in2DMode":false,"pivot":{"x":293.60882568359377,"y":133.28958129882813,"z":194.0226593017578},"rotation":{"x":0.1408996880054474,"y":-0.08603518456220627,"z":0.01222571637481451,"w":0.9862546324729919},"size":275.4624938964844,"orthographic":false}