{"cameraMode":{"drawMode":2,"name":"Shaded Wireframe","section":"Shading Mode"},"sceneLighting":false,"audioPlay":false,"sceneViewState":{"showFog":true,"showMaterialUpdate":false,"showSkybox":true,"showFlares":true,"showImageEffects":true,"showParticleSystems":true},"in2DMode":false,"pivot":{"x":21.804527282714845,"y":5.81937313079834,"z":-6.245856761932373},"rotation":{"x":0.27046000957489016,"y":-0.01587858237326145,"z":0.004491427447646856,"w":0.9626337885856628},"size":3.6194052696228029,"orthographic":false}