{"cameraMode":{"drawMode":0,"name":"Shaded","section":"Shading Mode"},"sceneLighting":true,"audioPlay":false,"sceneViewState":{"showFog":true,"showMaterialUpdate":false,"showSkybox":true,"showFlares":true,"showImageEffects":true,"showParticleSystems":true},"in2DMode":false,"pivot":{"x":4.12323522567749,"y":9.34472370147705,"z":-18.787023544311525},"rotation":{"x":-0.2610829770565033,"y":0.03387189283967018,"z":-0.009167314507067204,"w":-0.9646821618080139},"size":4.526568412780762,"orthographic":false}