{"cameraMode":{"drawMode":2,"name":"Shaded Wireframe","section":"Shading Mode"},"sceneLighting":false,"audioPlay":false,"sceneViewState":{"showFog":true,"showMaterialUpdate":false,"showSkybox":true,"showFlares":true,"showImageEffects":true,"showParticleSystems":true},"in2DMode":false,"pivot":{"x":21.494571685791017,"y":-0.6881868243217468,"z":-2.763582944869995},"rotation":{"x":0.001882322714664042,"y":-0.9977469444274902,"z":0.05933447927236557,"w":0.031735945492982867},"size":6.186953544616699,"orthographic":false}