{"cameraMode":{"drawMode":2,"name":"Shaded Wireframe","section":"Shading Mode"},"sceneLighting":false,"audioPlay":false,"sceneViewState":{"showFog":true,"showMaterialUpdate":false,"showSkybox":true,"showFlares":true,"showImageEffects":true,"showParticleSystems":true},"in2DMode":false,"pivot":{"x":24.173324584960939,"y":1.1411354541778565,"z":3.4816064834594728},"rotation":{"x":0.19904956221580506,"y":-0.010289719328284264,"z":0.0020902175456285478,"w":0.9799382090568543},"size":1.9830644130706788,"orthographic":false}