{"cameraMode":{"drawMode":2,"name":"Shaded Wireframe","section":"Shading Mode"},"sceneLighting":false,"audioPlay":false,"sceneViewState":{"showFog":true,"showMaterialUpdate":false,"showSkybox":true,"showFlares":true,"showImageEffects":true,"showParticleSystems":true},"in2DMode":false,"pivot":{"x":3.3080646991729738,"y":1.7842661142349244,"z":1.7846064567565919},"rotation":{"x":-0.10346866399049759,"y":0.8737673759460449,"z":-0.2127215415239334,"w":-0.4249868392944336},"size":14.215736389160157,"orthographic":false}