{"cameraMode":{"drawMode":2,"name":"Shaded Wireframe","section":"Shading Mode"},"sceneLighting":false,"audioPlay":false,"sceneViewState":{"showFog":true,"showMaterialUpdate":false,"showSkybox":true,"showFlares":true,"showImageEffects":true,"showParticleSystems":true},"in2DMode":false,"pivot":{"x":22.776439666748048,"y":6.963565349578857,"z":-2.0066421031951906},"rotation":{"x":0.151805579662323,"y":-0.013362398371100426,"z":0.0020064394921064378,"w":0.9883906245231628},"size":4.490858554840088,"orthographic":false}