{"cameraMode":{"drawMode":2,"name":"Shaded Wireframe","section":"Shading Mode"},"sceneLighting":false,"audioPlay":false,"sceneViewState":{"showFog":true,"showMaterialUpdate":false,"showSkybox":true,"showFlares":true,"showImageEffects":true,"showParticleSystems":true},"in2DMode":false,"pivot":{"x":3.2814884185791017,"y":3.3213462829589845,"z":-2.618889808654785},"rotation":{"x":-0.11273632943630219,"y":0.6589174270629883,"z":-0.10080132633447647,"w":-0.7368811964988709},"size":14.215736389160157,"orthographic":false}