{"cameraMode":{"drawMode":2,"name":"Shaded Wireframe","section":"Shading Mode"},"sceneLighting":false,"audioPlay":false,"sceneViewState":{"showFog":true,"showMaterialUpdate":false,"showSkybox":true,"showFlares":true,"showImageEffects":true,"showParticleSystems":true},"in2DMode":false,"pivot":{"x":36.54861068725586,"y":4.832850933074951,"z":6.439723968505859},"rotation":{"x":0.22658157348632813,"y":-0.4312286972999573,"z":0.1128225177526474,"w":0.8660210371017456},"size":13.05236530303955,"orthographic":false}